empid,fname,lname,supervisorid,pto,payday,payamount,country_code,city,building
1,John,Doe,,32,2024-10-18,950.0,USA,Minneapolis,L001
1,John,Doe,,40,2024-11-01,950.0,USA,Minneapolis,L001
1,John,Doe,,48,2024-11-15,950.0,USA,Minneapolis,L001
1,John,Doe,,56,2024-11-29,950.0,USA,Minneapolis,L001
1,John,Doe,,64,2024-12-13,950.0,USA,Minneapolis,L001
2,Jane,Smith,1.0,24,2024-10-18,950.0,IND,Hyderabad,L056
2,Jane,Smith,1.0,32,2024-11-01,950.0,IND,Hyderabad,L056
2,Jane,Smith,1.0,40,2024-11-15,950.0,IND,Hyderabad,L056
2,Jane,Smith,1.0,48,2024-11-29,950.0,IND,Hyderabad,L056
2,Jane,Smith,1.0,56,2024-12-13,950.0,IND,Hyderabad,L056
3,Michael,Johnson,1.0,16,2024-10-18,950.0,USA,Minneapolis,L001
3,Michael,Johnson,1.0,24,2024-11-01,950.0,USA,Minneapolis,L001
3,Michael,Johnson,1.0,32,2024-11-15,950.0,USA,Minneapolis,L001
3,Michael,Johnson,1.0,40,2024-11-29,950.0,USA,Minneapolis,L001
3,Michael,Johnson,1.0,48,2024-12-13,950.0,USA,Minneapolis,L001
4,Emily,Williams,1.0,8,2024-10-18,902.5,IND,Noida,L068
4,Emily,Williams,1.0,16,2024-11-01,902.5,IND,Noida,L068
4,Emily,Williams,1.0,24,2024-11-15,902.5,IND,Noida,L068
4,Emily,Williams,1.0,32,2024-11-29,902.5,IND,Noida,L068
4,Emily,Williams,1.0,40,2024-12-13,902.5,IND,Noida,L068
5,David,Brown,1.0,40,2024-10-18,902.5,IND,Noida,L068
5,David,Brown,1.0,48,2024-11-01,902.5,IND,Noida,L068
5,David,Brown,1.0,56,2024-11-15,902.5,IND,Noida,L068
5,David,Brown,1.0,64,2024-11-29,902.5,IND,Noida,L068
5,David,Brown,1.0,72,2024-12-13,902.5,IND,Noida,L068
6,Jessica,Jones,1.0,32,2024-10-18,902.5,USA,Hartford,L034
6,Jessica,Jones,1.0,40,2024-11-01,902.5,USA,Hartford,L034
6,Jessica,Jones,1.0,48,2024-11-15,902.5,USA,Hartford,L034
6,Jessica,Jones,1.0,56,2024-11-29,902.5,USA,Hartford,L034
6,Jessica,Jones,1.0,64,2024-12-13,902.5,USA,Hartford,L034
7,Daniel,Garcia,2.0,24,2024-10-18,857.38,IND,Noida,L068
7,Daniel,Garcia,2.0,32,2024-11-01,857.38,IND,Noida,L068
7,Daniel,Garcia,2.0,40,2024-11-15,857.38,IND,Noida,L068
7,Daniel,Garcia,2.0,48,2024-11-29,857.38,IND,Noida,L068
7,Daniel,Garcia,2.0,56,2024-12-13,857.38,IND,Noida,L068
8,Ashley,Miller,2.0,16,2024-10-18,857.38,IND,Hyderabad,L056
8,Ashley,Miller,2.0,24,2024-11-01,857.38,IND,Hyderabad,L056
8,Ashley,Miller,2.0,32,2024-11-15,857.38,IND,Hyderabad,L056
8,Ashley,Miller,2.0,40,2024-11-29,857.38,IND,Hyderabad,L056
8,Ashley,Miller,2.0,48,2024-12-13,857.38,IND,Hyderabad,L056
9,Matthew,Martinez,2.0,8,2024-10-18,857.38,USA,Hartford,L034
9,Matthew,Martinez,2.0,16,2024-11-01,857.38,USA,Hartford,L034
9,Matthew,Martinez,2.0,24,2024-11-15,857.38,USA,Hartford,L034
9,Matthew,Martinez,2.0,32,2024-11-29,857.38,USA,Hartford,L034
9,Matthew,Martinez,2.0,40,2024-12-13,857.38,USA,Hartford,L034
10,Laura,Wilson,3.0,40,2024-10-18,814.51,IND,Hyderabad,L056
10,Laura,Wilson,3.0,48,2024-11-01,814.51,IND,Hyderabad,L056
10,Laura,Wilson,3.0,56,2024-11-15,814.51,IND,Hyderabad,L056
10,Laura,Wilson,3.0,64,2024-11-29,814.51,IND,Hyderabad,L056
10,Laura,Wilson,3.0,72,2024-12-13,814.51,IND,Hyderabad,L056
11,James,Anderson,3.0,32,2024-10-18,814.51,IND,Noida,L068
11,James,Anderson,3.0,40,2024-11-01,814.51,IND,Noida,L068
11,James,Anderson,3.0,48,2024-11-15,814.51,IND,Noida,L068
11,James,Anderson,3.0,56,2024-11-29,814.51,IND,Noida,L068
11,James,Anderson,3.0,64,2024-12-13,814.51,IND,Noida,L068
12,Sarah,Thomas,3.0,24,2024-10-18,814.51,IND,Noida,L068
12,Sarah,Thomas,3.0,32,2024-11-01,814.51,IND,Noida,L068
12,Sarah,Thomas,3.0,40,2024-11-15,814.51,IND,Noida,L068
12,Sarah,Thomas,3.0,48,2024-11-29,814.51,IND,Noida,L068
12,Sarah,Thomas,3.0,56,2024-12-13,814.51,IND,Noida,L068
13,Christopher,Taylor,4.0,16,2024-10-18,773.78,IND,Hyderabad,L056
13,Christopher,Taylor,4.0,24,2024-11-01,773.78,IND,Hyderabad,L056
13,Christopher,Taylor,4.0,32,2024-11-15,773.78,IND,Hyderabad,L056
13,Christopher,Taylor,4.0,40,2024-11-29,773.78,IND,Hyderabad,L056
13,Christopher,Taylor,4.0,48,2024-12-13,773.78,IND,Hyderabad,L056
14,Amanda,Moore,4.0,8,2024-10-18,773.78,USA,Minneapolis,L001
14,Amanda,Moore,4.0,16,2024-11-01,773.78,USA,Minneapolis,L001
14,Amanda,Moore,4.0,24,2024-11-15,773.78,USA,Minneapolis,L001
14,Amanda,Moore,4.0,32,2024-11-29,773.78,USA,Minneapolis,L001
14,Amanda,Moore,4.0,40,2024-12-13,773.78,USA,Minneapolis,L001
15,Joshua,Jackson,4.0,0,2024-10-18,773.78,IND,Noida,L068
15,Joshua,Jackson,4.0,8,2024-11-01,773.78,IND,Noida,L068
15,Joshua,Jackson,4.0,16,2024-11-15,773.78,IND,Noida,L068
15,Joshua,Jackson,4.0,24,2024-11-29,773.78,IND,Noida,L068
15,Joshua,Jackson,4.0,32,2024-12-13,773.78,IND,Noida,L068
16,Elizabeth,White,5.0,40,2024-10-18,735.09,IND,Noida,L068
16,Elizabeth,White,5.0,48,2024-11-01,735.09,IND,Noida,L068
16,Elizabeth,White,5.0,56,2024-11-15,735.09,IND,Noida,L068
16,Elizabeth,White,5.0,64,2024-11-29,735.09,IND,Noida,L068
16,Elizabeth,White,5.0,72,2024-12-13,735.09,IND,Noida,L068
17,Andrew,Harris,5.0,32,2024-10-18,735.09,USA,Basking Ridge,L042
17,Andrew,Harris,5.0,40,2024-11-01,735.09,USA,Basking Ridge,L042
17,Andrew,Harris,5.0,48,2024-11-15,735.09,USA,Basking Ridge,L042
17,Andrew,Harris,5.0,56,2024-11-29,735.09,USA,Basking Ridge,L042
17,Andrew,Harris,5.0,64,2024-12-13,735.09,USA,Basking Ridge,L042
18,Stephanie,Martin,5.0,24,2024-10-18,735.09,USA,Hartford,L034
18,Stephanie,Martin,5.0,32,2024-11-01,735.09,USA,Hartford,L034
18,Stephanie,Martin,5.0,40,2024-11-15,735.09,USA,Hartford,L034
18,Stephanie,Martin,5.0,48,2024-11-29,735.09,USA,Hartford,L034
18,Stephanie,Martin,5.0,56,2024-12-13,735.09,USA,Hartford,L034
19,Justin,Thompson,6.0,16,2024-10-18,698.34,IND,Noida,L068
19,Justin,Thompson,6.0,24,2024-11-01,698.34,IND,Noida,L068
19,Justin,Thompson,6.0,32,2024-11-15,698.34,IND,Noida,L068
19,Justin,Thompson,6.0,40,2024-11-29,698.34,IND,Noida,L068
19,Justin,Thompson,6.0,48,2024-12-13,698.34,IND,Noida,L068
20,Rebecca,Martinez,6.0,8,2024-10-18,698.34,USA,Hartford,L034
20,Rebecca,Martinez,6.0,16,2024-11-01,698.34,USA,Hartford,L034
20,Rebecca,Martinez,6.0,24,2024-11-15,698.34,USA,Hartford,L034
20,Rebecca,Martinez,6.0,32,2024-11-29,698.34,USA,Hartford,L034
20,Rebecca,Martinez,6.0,40,2024-12-13,698.34,USA,Hartford,L034
21,Brandon,Clark,6.0,0,2024-10-18,698.34,USA,Basking Ridge,L042
21,Brandon,Clark,6.0,8,2024-11-01,698.34,USA,Basking Ridge,L042
21,Brandon,Clark,6.0,16,2024-11-15,698.34,USA,Basking Ridge,L042
21,Brandon,Clark,6.0,24,2024-11-29,698.34,USA,Basking Ridge,L042
21,Brandon,Clark,6.0,32,2024-12-13,698.34,USA,Basking Ridge,L042
22,Laura,Robinson,7.0,40,2024-10-18,663.42,IND,Hyderabad,L056
22,Laura,Robinson,7.0,48,2024-11-01,663.42,IND,Hyderabad,L056
22,Laura,Robinson,7.0,56,2024-11-15,663.42,IND,Hyderabad,L056
22,Laura,Robinson,7.0,64,2024-11-29,663.42,IND,Hyderabad,L056
22,Laura,Robinson,7.0,72,2024-12-13,663.42,IND,Hyderabad,L056
23,Kevin,Walker,7.0,32,2024-10-18,663.42,IND,Noida,L068
23,Kevin,Walker,7.0,40,2024-11-01,663.42,IND,Noida,L068
23,Kevin,Walker,7.0,48,2024-11-15,663.42,IND,Noida,L068
23,Kevin,Walker,7.0,56,2024-11-29,663.42,IND,Noida,L068
23,Kevin,Walker,7.0,64,2024-12-13,663.42,IND,Noida,L068
24,Michelle,Young,7.0,24,2024-10-18,663.42,USA,Minneapolis,L001
24,Michelle,Young,7.0,32,2024-11-01,663.42,USA,Minneapolis,L001
24,Michelle,Young,7.0,40,2024-11-15,663.42,USA,Minneapolis,L001
24,Michelle,Young,7.0,48,2024-11-29,663.42,USA,Minneapolis,L001
24,Michelle,Young,7.0,56,2024-12-13,663.42,USA,Minneapolis,L001
25,Jason,King,8.0,16,2024-10-18,630.25,USA,Basking Ridge,L042
25,Jason,King,8.0,24,2024-11-01,630.25,USA,Basking Ridge,L042
25,Jason,King,8.0,32,2024-11-15,630.25,USA,Basking Ridge,L042
25,Jason,King,8.0,40,2024-11-29,630.25,USA,Basking Ridge,L042
25,Jason,King,8.0,48,2024-12-13,630.25,USA,Basking Ridge,L042
26,Angela,Wright,8.0,8,2024-10-18,630.25,USA,Minneapolis,L001
26,Angela,Wright,8.0,16,2024-11-01,630.25,USA,Minneapolis,L001
26,Angela,Wright,8.0,24,2024-11-15,630.25,USA,Minneapolis,L001
26,Angela,Wright,8.0,32,2024-11-29,630.25,USA,Minneapolis,L001
26,Angela,Wright,8.0,40,2024-12-13,630.25,USA,Minneapolis,L001
27,Eric,Lopez,8.0,0,2024-10-18,630.25,USA,Basking Ridge,L042
27,Eric,Lopez,8.0,8,2024-11-01,630.25,USA,Basking Ridge,L042
27,Eric,Lopez,8.0,16,2024-11-15,630.25,USA,Basking Ridge,L042
27,Eric,Lopez,8.0,24,2024-11-29,630.25,USA,Basking Ridge,L042
27,Eric,Lopez,8.0,32,2024-12-13,630.25,USA,Basking Ridge,L042
28,Kimberly,Hill,9.0,40,2024-10-18,598.74,IND,Noida,L068
28,Kimberly,Hill,9.0,48,2024-11-01,598.74,IND,Noida,L068
28,Kimberly,Hill,9.0,56,2024-11-15,598.74,IND,Noida,L068
28,Kimberly,Hill,9.0,64,2024-11-29,598.74,IND,Noida,L068
28,Kimberly,Hill,9.0,72,2024-12-13,598.74,IND,Noida,L068
29,Steven,Scott,9.0,32,2024-10-18,598.74,IND,Noida,L068
29,Steven,Scott,9.0,40,2024-11-01,598.74,IND,Noida,L068
29,Steven,Scott,9.0,48,2024-11-15,598.74,IND,Noida,L068
29,Steven,Scott,9.0,56,2024-11-29,598.74,IND,Noida,L068
29,Steven,Scott,9.0,64,2024-12-13,598.74,IND,Noida,L068
30,Jessica,Green,9.0,24,2024-10-18,598.74,USA,Basking Ridge,L042
30,Jessica,Green,9.0,32,2024-11-01,598.74,USA,Basking Ridge,L042
30,Jessica,Green,9.0,40,2024-11-15,598.74,USA,Basking Ridge,L042
30,Jessica,Green,9.0,48,2024-11-29,598.74,USA,Basking Ridge,L042
30,Jessica,Green,9.0,56,2024-12-13,598.74,USA,Basking Ridge,L042
31,Mark,Adams,10.0,16,2024-10-18,568.8,USA,Hartford,L034
31,Mark,Adams,10.0,24,2024-11-01,568.8,USA,Hartford,L034
31,Mark,Adams,10.0,32,2024-11-15,568.8,USA,Hartford,L034
31,Mark,Adams,10.0,40,2024-11-29,568.8,USA,Hartford,L034
31,Mark,Adams,10.0,48,2024-12-13,568.8,USA,Hartford,L034
32,Patricia,Baker,10.0,8,2024-10-18,568.8,USA,Basking Ridge,L042
32,Patricia,Baker,10.0,16,2024-11-01,568.8,USA,Basking Ridge,L042
32,Patricia,Baker,10.0,24,2024-11-15,568.8,USA,Basking Ridge,L042
32,Patricia,Baker,10.0,32,2024-11-29,568.8,USA,Basking Ridge,L042
32,Patricia,Baker,10.0,40,2024-12-13,568.8,USA,Basking Ridge,L042
33,Paul,Nelson,10.0,0,2024-10-18,568.8,USA,Minneapolis,L001
33,Paul,Nelson,10.0,8,2024-11-01,568.8,USA,Minneapolis,L001
33,Paul,Nelson,10.0,16,2024-11-15,568.8,USA,Minneapolis,L001
33,Paul,Nelson,10.0,24,2024-11-29,568.8,USA,Minneapolis,L001
33,Paul,Nelson,10.0,32,2024-12-13,568.8,USA,Minneapolis,L001
34,Jennifer,Carter,11.0,40,2024-10-18,540.36,USA,Minneapolis,L001
34,Jennifer,Carter,11.0,48,2024-11-01,540.36,USA,Minneapolis,L001
34,Jennifer,Carter,11.0,56,2024-11-15,540.36,USA,Minneapolis,L001
34,Jennifer,Carter,11.0,64,2024-11-29,540.36,USA,Minneapolis,L001
34,Jennifer,Carter,11.0,72,2024-12-13,540.36,USA,Minneapolis,L001
35,Charles,Mitchell,11.0,32,2024-10-18,540.36,USA,Hartford,L034
35,Charles,Mitchell,11.0,40,2024-11-01,540.36,USA,Hartford,L034
35,Charles,Mitchell,11.0,48,2024-11-15,540.36,USA,Hartford,L034
35,Charles,Mitchell,11.0,56,2024-11-29,540.36,USA,Hartford,L034
35,Charles,Mitchell,11.0,64,2024-12-13,540.36,USA,Hartford,L034
36,Emily,Roberts,11.0,24,2024-10-18,540.36,USA,Basking Ridge,L042
36,Emily,Roberts,11.0,32,2024-11-01,540.36,USA,Basking Ridge,L042
36,Emily,Roberts,11.0,40,2024-11-15,540.36,USA,Basking Ridge,L042
36,Emily,Roberts,11.0,48,2024-11-29,540.36,USA,Basking Ridge,L042
36,Emily,Roberts,11.0,56,2024-12-13,540.36,USA,Basking Ridge,L042
37,Anthony,Turner,12.0,16,2024-10-18,513.34,USA,Basking Ridge,L042
37,Anthony,Turner,12.0,24,2024-11-01,513.34,USA,Basking Ridge,L042
37,Anthony,Turner,12.0,32,2024-11-15,513.34,USA,Basking Ridge,L042
37,Anthony,Turner,12.0,40,2024-11-29,513.34,USA,Basking Ridge,L042
37,Anthony,Turner,12.0,48,2024-12-13,513.34,USA,Basking Ridge,L042
38,Angela,Phillips,12.0,8,2024-10-18,513.34,USA,Hartford,L034
38,Angela,Phillips,12.0,16,2024-11-01,513.34,USA,Hartford,L034
38,Angela,Phillips,12.0,24,2024-11-15,513.34,USA,Hartford,L034
1,John,Doe,1.0,32,2024-10-18,950.0,USA,Minneapolis,L001
1,John,Doe,1.0,40,2024-11-01,950.0,USA,Minneapolis,L001
1,John,Doe,1.0,48,2024-11-15,950.0,USA,Minneapolis,L001
1,John,Doe,1.0,56,2024-11-29,950.0,USA,Minneapolis,L001
1,John,Doe,1.0,64,2024-12-13,950.0,USA,Minneapolis,L001
2,Jane,Smith,1.0,24,2024-10-18,950.0,IND,Hyderabad,L056
2,Jane,Smith,1.0,32,2024-11-01,950.0,IND,Hyderabad,L056
2,Jane,Smith,1.0,40,2024-11-15,950.0,IND,Hyderabad,L056
2,Jane,Smith,1.0,48,2024-11-29,950.0,IND,Hyderabad,L056
2,Jane,Smith,1.0,56,2024-12-13,950.0,IND,Hyderabad,L056
3,Michael,Johnson,1.0,16,2024-10-18,950.0,USA,Minneapolis,L001
3,Michael,Johnson,1.0,24,2024-11-01,950.0,USA,Minneapolis,L001
3,Michael,Johnson,1.0,32,2024-11-15,950.0,USA,Minneapolis,L001
3,Michael,Johnson,1.0,40,2024-11-29,950.0,USA,Minneapolis,L001
3,Michael,Johnson,1.0,48,2024-12-13,950.0,USA,Minneapolis,L001
4,Emily,Williams,1.0,8,2024-10-18,902.5,IND,Noida,L068
4,Emily,Williams,1.0,16,2024-11-01,902.5,IND,Noida,L068
4,Emily,Williams,1.0,24,2024-11-15,902.5,IND,Noida,L068
4,Emily,Williams,1.0,32,2024-11-29,902.5,IND,Noida,L068
4,Emily,Williams,1.0,40,2024-12-13,902.5,IND,Noida,L068
5,David,Brown,1.0,40,2024-10-18,902.5,IND,Noida,L068
5,David,Brown,1.0,48,2024-11-01,902.5,IND,Noida,L068
5,David,Brown,1.0,56,2024-11-15,902.5,IND,Noida,L068
5,David,Brown,1.0,64,2024-11-29,902.5,IND,Noida,L068
5,David,Brown,1.0,72,2024-12-13,902.5,IND,Noida,L068
6,Jessica,Jones,1.0,32,2024-10-18,902.5,USA,Hartford,L034
6,Jessica,Jones,1.0,40,2024-11-01,902.5,USA,Hartford,L034
6,Jessica,Jones,1.0,48,2024-11-15,902.5,USA,Hartford,L034
6,Jessica,Jones,1.0,56,2024-11-29,902.5,USA,Hartford,L034
6,Jessica,Jones,1.0,64,2024-12-13,902.5,USA,Hartford,L034
7,Daniel,Garcia,2.0,24,2024-10-18,857.38,IND,Noida,L068
7,Daniel,Garcia,2.0,32,2024-11-01,857.38,IND,Noida,L068
7,Daniel,Garcia,2.0,40,2024-11-15,857.38,IND,Noida,L068
7,Daniel,Garcia,2.0,48,2024-11-29,857.38,IND,Noida,L068
7,Daniel,Garcia,2.0,56,2024-12-13,857.38,IND,Noida,L068
8,Ashley,Miller,2.0,16,2024-10-18,857.38,IND,Hyderabad,L056
8,Ashley,Miller,2.0,24,2024-11-01,857.38,IND,Hyderabad,L056
8,Ashley,Miller,2.0,32,2024-11-15,857.38,IND,Hyderabad,L056
8,Ashley,Miller,2.0,40,2024-11-29,857.38,IND,Hyderabad,L056
8,Ashley,Miller,2.0,48,2024-12-13,857.38,IND,Hyderabad,L056
9,Matthew,Martinez,2.0,8,2024-10-18,857.38,USA,Hartford,L034
9,Matthew,Martinez,2.0,16,2024-11-01,857.38,USA,Hartford,L034
9,Matthew,Martinez,2.0,24,2024-11-15,857.38,USA,Hartford,L034
9,Matthew,Martinez,2.0,32,2024-11-29,857.38,USA,Hartford,L034
9,Matthew,Martinez,2.0,40,2024-12-13,857.38,USA,Hartford,L034
10,Laura,Wilson,3.0,40,2024-10-18,814.51,IND,Hyderabad,L056
10,Laura,Wilson,3.0,48,2024-11-01,814.51,IND,Hyderabad,L056
10,Laura,Wilson,3.0,56,2024-11-15,814.51,IND,Hyderabad,L056
10,Laura,Wilson,3.0,64,2024-11-29,814.51,IND,Hyderabad,L056
10,Laura,Wilson,3.0,72,2024-12-13,814.51,IND,Hyderabad,L056
11,James,Anderson,3.0,32,2024-10-18,814.51,IND,Noida,L068
11,James,Anderson,3.0,40,2024-11-01,814.51,IND,Noida,L068
11,James,Anderson,3.0,48,2024-11-15,814.51,IND,Noida,L068
11,James,Anderson,3.0,56,2024-11-29,814.51,IND,Noida,L068
11,James,Anderson,3.0,64,2024-12-13,814.51,IND,Noida,L068
12,Sarah,Thomas,3.0,24,2024-10-18,814.51,IND,Noida,L068
12,Sarah,Thomas,3.0,32,2024-11-01,814.51,IND,Noida,L068
12,Sarah,Thomas,3.0,40,2024-11-15,814.51,IND,Noida,L068
12,Sarah,Thomas,3.0,48,2024-11-29,814.51,IND,Noida,L068
12,Sarah,Thomas,3.0,56,2024-12-13,814.51,IND,Noida,L068
13,Christopher,Taylor,4.0,16,2024-10-18,773.78,IND,Hyderabad,L056
13,Christopher,Taylor,4.0,24,2024-11-01,773.78,IND,Hyderabad,L056
13,Christopher,Taylor,4.0,32,2024-11-15,773.78,IND,Hyderabad,L056
13,Christopher,Taylor,4.0,40,2024-11-29,773.78,IND,Hyderabad,L056
13,Christopher,Taylor,4.0,48,2024-12-13,773.78,IND,Hyderabad,L056
14,Amanda,Moore,4.0,8,2024-10-18,773.78,USA,Minneapolis,L001
14,Amanda,Moore,4.0,16,2024-11-01,773.78,USA,Minneapolis,L001
14,Amanda,Moore,4.0,24,2024-11-15,773.78,USA,Minneapolis,L001
14,Amanda,Moore,4.0,32,2024-11-29,773.78,USA,Minneapolis,L001
14,Amanda,Moore,4.0,40,2024-12-13,773.78,USA,Minneapolis,L001
15,Joshua,Jackson,4.0,0,2024-10-18,773.78,IND,Noida,L068
15,Joshua,Jackson,4.0,8,2024-11-01,773.78,IND,Noida,L068
15,Joshua,Jackson,4.0,16,2024-11-15,773.78,IND,Noida,L068
15,Joshua,Jackson,4.0,24,2024-11-29,773.78,IND,Noida,L068
15,Joshua,Jackson,4.0,32,2024-12-13,773.78,IND,Noida,L068
16,Elizabeth,White,5.0,40,2024-10-18,735.09,IND,Noida,L068
16,Elizabeth,White,5.0,48,2024-11-01,735.09,IND,Noida,L068
16,Elizabeth,White,5.0,56,2024-11-15,735.09,IND,Noida,L068
16,Elizabeth,White,5.0,64,2024-11-29,735.09,IND,Noida,L068
16,Elizabeth,White,5.0,72,2024-12-13,735.09,IND,Noida,L068
17,Andrew,Harris,5.0,32,2024-10-18,735.09,USA,Basking Ridge,L042
17,Andrew,Harris,5.0,40,2024-11-01,735.09,USA,Basking Ridge,L042
17,Andrew,Harris,5.0,48,2024-11-15,735.09,USA,Basking Ridge,L042
17,Andrew,Harris,5.0,56,2024-11-29,735.09,USA,Basking Ridge,L042
17,Andrew,Harris,5.0,64,2024-12-13,735.09,USA,Basking Ridge,L042
18,Stephanie,Martin,5.0,24,2024-10-18,735.09,USA,Hartford,L034
18,Stephanie,Martin,5.0,32,2024-11-01,735.09,USA,Hartford,L034
18,Stephanie,Martin,5.0,40,2024-11-15,735.09,USA,Hartford,L034
18,Stephanie,Martin,5.0,48,2024-11-29,735.09,USA,Hartford,L034
18,Stephanie,Martin,5.0,56,2024-12-13,735.09,USA,Hartford,L034
19,Justin,Thompson,6.0,16,2024-10-18,698.34,IND,Noida,L068
19,Justin,Thompson,6.0,24,2024-11-01,698.34,IND,Noida,L068
19,Justin,Thompson,6.0,32,2024-11-15,698.34,IND,Noida,L068
19,Justin,Thompson,6.0,40,2024-11-29,698.34,IND,Noida,L068
19,Justin,Thompson,6.0,48,2024-12-13,698.34,IND,Noida,L068
20,Rebecca,Martinez,6.0,8,2024-10-18,698.34,USA,Hartford,L034
20,Rebecca,Martinez,6.0,16,2024-11-01,698.34,USA,Hartford,L034
20,Rebecca,Martinez,6.0,24,2024-11-15,698.34,USA,Hartford,L034
20,Rebecca,Martinez,6.0,32,2024-11-29,698.34,USA,Hartford,L034
20,Rebecca,Martinez,6.0,40,2024-12-13,698.34,USA,Hartford,L034
21,Brandon,Clark,6.0,0,2024-10-18,698.34,USA,Basking Ridge,L042
21,Brandon,Clark,6.0,8,2024-11-01,698.34,USA,Basking Ridge,L042
21,Brandon,Clark,6.0,16,2024-11-15,698.34,USA,Basking Ridge,L042
21,Brandon,Clark,6.0,24,2024-11-29,698.34,USA,Basking Ridge,L042
21,Brandon,Clark,6.0,32,2024-12-13,698.34,USA,Basking Ridge,L042
22,Laura,Robinson,7.0,40,2024-10-18,663.42,IND,Hyderabad,L056
22,Laura,Robinson,7.0,48,2024-11-01,663.42,IND,Hyderabad,L056
22,Laura,Robinson,7.0,56,2024-11-15,663.42,IND,Hyderabad,L056
22,Laura,Robinson,7.0,64,2024-11-29,663.42,IND,Hyderabad,L056
22,Laura,Robinson,7.0,72,2024-12-13,663.42,IND,Hyderabad,L056
23,Kevin,Walker,7.0,32,2024-10-18,663.42,IND,Noida,L068
23,Kevin,Walker,7.0,40,2024-11-01,663.42,IND,Noida,L068
23,Kevin,Walker,7.0,48,2024-11-15,663.42,IND,Noida,L068
23,Kevin,Walker,7.0,56,2024-11-29,663.42,IND,Noida,L068
23,Kevin,Walker,7.0,64,2024-12-13,663.42,IND,Noida,L068
24,Michelle,Young,7.0,24,2024-10-18,663.42,USA,Minneapolis,L001
24,Michelle,Young,7.0,32,2024-11-01,663.42,USA,Minneapolis,L001
24,Michelle,Young,7.0,40,2024-11-15,663.42,USA,Minneapolis,L001
24,Michelle,Young,7.0,48,2024-11-29,663.42,USA,Minneapolis,L001
24,Michelle,Young,7.0,56,2024-12-13,663.42,USA,Minneapolis,L001
25,Jason,King,8.0,16,2024-10-18,630.25,USA,Basking Ridge,L042
25,Jason,King,8.0,24,2024-11-01,630.25,USA,Basking Ridge,L042
25,Jason,King,8.0,32,2024-11-15,630.25,USA,Basking Ridge,L042
25,Jason,King,8.0,40,2024-11-29,630.25,USA,Basking Ridge,L042
25,Jason,King,8.0,48,2024-12-13,630.25,USA,Basking Ridge,L042
26,Angela,Wright,8.0,8,2024-10-18,630.25,USA,Minneapolis,L001
26,Angela,Wright,8.0,16,2024-11-01,630.25,USA,Minneapolis,L001
26,Angela,Wright,8.0,24,2024-11-15,630.25,USA,Minneapolis,L001
26,Angela,Wright,8.0,32,2024-11-29,630.25,USA,Minneapolis,L001
26,Angela,Wright,8.0,40,2024-12-13,630.25,USA,Minneapolis,L001
27,Eric,Lopez,8.0,0,2024-10-18,630.25,USA,Basking Ridge,L042
27,Eric,Lopez,8.0,8,2024-11-01,630.25,USA,Basking Ridge,L042
27,Eric,Lopez,8.0,16,2024-11-15,630.25,USA,Basking Ridge,L042
27,Eric,Lopez,8.0,24,2024-11-29,630.25,USA,Basking Ridge,L042
27,Eric,Lopez,8.0,32,2024-12-13,630.25,USA,Basking Ridge,L042
28,Kimberly,Hill,9.0,40,2024-10-18,598.74,IND,Noida,L068
28,Kimberly,Hill,9.0,48,2024-11-01,598.74,IND,Noida,L068
28,Kimberly,Hill,9.0,56,2024-11-15,598.74,IND,Noida,L068
28,Kimberly,Hill,9.0,64,2024-11-29,598.74,IND,Noida,L068
28,Kimberly,Hill,9.0,72,2024-12-13,598.74,IND,Noida,L068
29,Steven,Scott,9.0,32,2024-10-18,598.74,IND,Noida,L068
29,Steven,Scott,9.0,40,2024-11-01,598.74,IND,Noida,L068
29,Steven,Scott,9.0,48,2024-11-15,598.74,IND,Noida,L068
29,Steven,Scott,9.0,56,2024-11-29,598.74,IND,Noida,L068
29,Steven,Scott,9.0,64,2024-12-13,598.74,IND,Noida,L068
30,Jessica,Green,9.0,24,2024-10-18,598.74,USA,Basking Ridge,L042
30,Jessica,Green,9.0,32,2024-11-01,598.74,USA,Basking Ridge,L042
30,Jessica,Green,9.0,40,2024-11-15,598.74,USA,Basking Ridge,L042
30,Jessica,Green,9.0,48,2024-11-29,598.74,USA,Basking Ridge,L042
30,Jessica,Green,9.0,56,2024-12-13,598.74,USA,Basking Ridge,L042
31,Mark,Adams,10.0,16,2024-10-18,568.8,USA,Hartford,L034
31,Mark,Adams,10.0,24,2024-11-01,568.8,USA,Hartford,L034
31,Mark,Adams,10.0,32,2024-11-15,568.8,USA,Hartford,L034
31,Mark,Adams,10.0,40,2024-11-29,568.8,USA,Hartford,L034
31,Mark,Adams,10.0,48,2024-12-13,568.8,USA,Hartford,L034
32,Patricia,Baker,10.0,8,2024-10-18,568.8,USA,Basking Ridge,L042
32,Patricia,Baker,10.0,16,2024-11-01,568.8,USA,Basking Ridge,L042
32,Patricia,Baker,10.0,24,2024-11-15,568.8,USA,Basking Ridge,L042
32,Patricia,Baker,10.0,32,2024-11-29,568.8,USA,Basking Ridge,L042
32,Patricia,Baker,10.0,40,2024-12-13,568.8,USA,Basking Ridge,L042
33,Paul,Nelson,10.0,0,2024-10-18,568.8,USA,Minneapolis,L001
33,Paul,Nelson,10.0,8,2024-11-01,568.8,USA,Minneapolis,L001
33,Paul,Nelson,10.0,16,2024-11-15,568.8,USA,Minneapolis,L001
33,Paul,Nelson,10.0,24,2024-11-29,568.8,USA,Minneapolis,L001
33,Paul,Nelson,10.0,32,2024-12-13,568.8,USA,Minneapolis,L001
34,Jennifer,Carter,11.0,40,2024-10-18,540.36,USA,Minneapolis,L001
34,Jennifer,Carter,11.0,48,2024-11-01,540.36,USA,Minneapolis,L001
34,Jennifer,Carter,11.0,56,2024-11-15,540.36,USA,Minneapolis,L001
34,Jennifer,Carter,11.0,64,2024-11-29,540.36,USA,Minneapolis,L001
34,Jennifer,Carter,11.0,72,2024-12-13,540.36,USA,Minneapolis,L001
35,Charles,Mitchell,11.0,32,2024-10-18,540.36,USA,Hartford,L034
35,Charles,Mitchell,11.0,40,2024-11-01,540.36,USA,Hartford,L034
35,Charles,Mitchell,11.0,48,2024-11-15,540.36,USA,Hartford,L034
35,Charles,Mitchell,11.0,56,2024-11-29,540.36,USA,Hartford,L034
35,Charles,Mitchell,11.0,64,2024-12-13,540.36,USA,Hartford,L034
36,Emily,Roberts,11.0,24,2024-10-18,540.36,USA,Basking Ridge,L042
36,Emily,Roberts,11.0,32,2024-11-01,540.36,USA,Basking Ridge,L042
36,Emily,Roberts,11.0,40,2024-11-15,540.36,USA,Basking Ridge,L042
36,Emily,Roberts,11.0,48,2024-11-29,540.36,USA,Basking Ridge,L042
36,Emily,Roberts,11.0,56,2024-12-13,540.36,USA,Basking Ridge,L042
37,Anthony,Turner,12.0,16,2024-10-18,513.34,USA,Basking Ridge,L042
37,Anthony,Turner,12.0,24,2024-11-01,513.34,USA,Basking Ridge,L042
37,Anthony,Turner,12.0,32,2024-11-15,513.34,USA,Basking Ridge,L042
37,Anthony,Turner,12.0,40,2024-11-29,513.34,USA,Basking Ridge,L042
37,Anthony,Turner,12.0,48,2024-12-13,513.34,USA,Basking Ridge,L042
38,Angela,Phillips,12.0,8,2024-10-18,513.34,USA,Hartford,L034
38,Angela,Phillips,12.0,16,2024-11-01,513.34,USA,Hartford,L034
38,Angela,Phillips,12.0,24,2024-11-15,513.34,USA,Hartford,L034
39,Brandon,Martinez,12.0,32,2024-11-29,513.34,USA,Hartford,L034
39,Brandon,Martinez,12.0,40,2024-12-13,513.34,USA,Hartford,L034
40,Jessica,Garcia,12.0,16,2024-10-18,513.34,USA,Basking Ridge,L042
40,Jessica,Garcia,12.0,24,2024-11-01,513.34,USA,Basking Ridge,L042
40,Jessica,Garcia,12.0,32,2024-11-15,513.34,USA,Basking Ridge,L042
40,Jessica,Garcia,12.0,40,2024-11-29,513.34,USA,Basking Ridge,L042
40,Jessica,Garcia,12.0,48,2024-12-13,513.34,USA,Basking Ridge,L042
41,Kevin,Robinson,12.0,8,2024-10-18,513.34,USA,Basking Ridge,L042
41,Kevin,Robinson,12.0,16,2024-11-01,513.34,USA,Basking Ridge,L042
41,Kevin,Robinson,12.0,24,2024-11-15,513.34,USA,Basking Ridge,L042
41,Kevin,Robinson,12.0,32,2024-11-29,513.34,USA,Basking Ridge,L042
41,Kevin,Robinson,12.0,40,2024-12-13,513.34,USA,Basking Ridge,L042
42,Laura,Clark,12.0,0,2024-10-18,513.34,USA,Hartford,L034
42,Laura,Clark,12.0,8,2024-11-01,513.34,USA,Hartford,L034
42,Laura,Clark,12.0,16,2024-11-15,513.34,USA,Hartford,L034
42,Laura,Clark,12.0,24,2024-11-29,513.34,USA,Hartford,L034
42,Laura,Clark,12.0,32,2024-12-13,513.34,USA,Hartford,L034
43,Daniel,Rodriguez,12.0,32,2024-10-18,487.67,IND,Noida,L068
43,Daniel,Rodriguez,12.0,40,2024-11-01,487.67,IND,Noida,L068
43,Daniel,Rodriguez,12.0,48,2024-11-15,487.67,IND,Noida,L068
43,Daniel,Rodriguez,12.0,56,2024-11-29,487.67,IND,Noida,L068
43,Daniel,Rodriguez,12.0,64,2024-12-13,487.67,IND,Noida,L068
44,Emily,Lewis,12.0,24,2024-10-18,487.67,USA,Hartford,L034
44,Emily,Lewis,12.0,32,2024-11-01,487.67,USA,Hartford,L034
44,Emily,Lewis,12.0,40,2024-11-15,487.67,USA,Hartford,L034
44,Emily,Lewis,12.0,48,2024-11-29,487.67,USA,Hartford,L034
44,Emily,Lewis,12.0,56,2024-12-13,487.67,USA,Hartford,L034
45,James,Walker,12.0,16,2024-10-18,487.67,IND,Hyderabad,L056
45,James,Walker,12.0,24,2024-11-01,487.67,IND,Hyderabad,L056
45,James,Walker,12.0,32,2024-11-15,487.67,IND,Hyderabad,L056
45,James,Walker,12.0,40,2024-11-29,487.67,IND,Hyderabad,L056
45,James,Walker,12.0,48,2024-12-13,487.67,IND,Hyderabad,L056
46,Olivia,Hall,12.0,8,2024-10-18,487.67,USA,Minneapolis,L001
46,Olivia,Hall,12.0,16,2024-11-01,487.67,USA,Minneapolis,L001
46,Olivia,Hall,12.0,24,2024-11-15,487.67,USA,Minneapolis,L001
46,Olivia,Hall,12.0,32,2024-11-29,487.67,USA,Minneapolis,L001
46,Olivia,Hall,12.0,40,2024-12-13,487.67,USA,Minneapolis,L001
47,Matthew,Allen,12.0,0,2024-10-18,487.67,IND,Noida,L068
47,Matthew,Allen,12.0,8,2024-11-01,487.67,IND,Noida,L068
47,Matthew,Allen,12.0,16,2024-11-15,487.67,IND,Noida,L068
47,Matthew,Allen,12.0,24,2024-11-29,487.67,IND,Noida,L068
47,Matthew,Allen,12.0,32,2024-12-13,487.67,IND,Noida,L068
48,Isabella,Young,12.0,32,2024-10-18,463.29,USA,Hartford,L034
48,Isabella,Young,12.0,40,2024-11-01,463.29,USA,Hartford,L034
48,Isabella,Young,12.0,48,2024-11-15,463.29,USA,Hartford,L034
48,Isabella,Young,12.0,56,2024-11-29,463.29,USA,Hartford,L034
48,Isabella,Young,12.0,64,2024-12-13,463.29,USA,Hartford,L034
49,David,Hernandez,12.0,24,2024-10-18,463.29,USA,Minneapolis,L001
49,David,Hernandez,12.0,32,2024-11-01,463.29,USA,Minneapolis,L001
49,David,Hernandez,12.0,40,2024-11-15,463.29,USA,Minneapolis,L001
49,David,Hernandez,12.0,48,2024-11-29,463.29,USA,Minneapolis,L001
49,David,Hernandez,12.0,56,2024-12-13,463.29,USA,Minneapolis,L001
50,Sophia,King,12.0,16,2024-10-18,463.29,USA,Hartford,L034
50,Sophia,King,12.0,24,2024-11-01,463.29,USA,Hartford,L034
50,Sophia,King,12.0,32,2024-11-15,463.29,USA,Hartford,L034
50,Sophia,King,12.0,40,2024-11-29,463.29,USA,Hartford,L034
50,Sophia,King,12.0,48,2024-12-13,463.29,USA,Hartford,L034
51,Christopher,Wright,12.0,8,2024-10-18,463.29,USA,Basking Ridge,L042
51,Christopher,Wright,12.0,16,2024-11-01,463.29,USA,Basking Ridge,L042
51,Christopher,Wright,12.0,24,2024-11-15,463.29,USA,Basking Ridge,L042
51,Christopher,Wright,12.0,32,2024-11-29,463.29,USA,Basking Ridge,L042
51,Christopher,Wright,12.0,40,2024-12-13,463.29,USA,Basking Ridge,L042
52,Amelia,Lopez,12.0,0,2024-10-18,463.29,IND,Hyderabad,L056
52,Amelia,Lopez,12.0,8,2024-11-01,463.29,IND,Hyderabad,L056
52,Amelia,Lopez,12.0,16,2024-11-15,463.29,IND,Hyderabad,L056
52,Amelia,Lopez,12.0,24,2024-11-29,463.29,IND,Hyderabad,L056
52,Amelia,Lopez,12.0,32,2024-12-13,463.29,IND,Hyderabad,L056
53,Joshua,Hill,12.0,32,2024-10-18,440.12,IND,Noida,L068
53,Joshua,Hill,12.0,40,2024-11-01,440.12,IND,Noida,L068
53,Joshua,Hill,12.0,48,2024-11-15,440.12,IND,Noida,L068
53,Joshua,Hill,12.0,56,2024-11-29,440.12,IND,Noida,L068
53,Joshua,Hill,12.0,64,2024-12-13,440.12,IND,Noida,L068
54,Abigail,Scott,12.0,24,2024-10-18,440.12,IND,Hyderabad,L056
54,Abigail,Scott,12.0,32,2024-11-01,440.12,IND,Hyderabad,L056
54,Abigail,Scott,12.0,40,2024-11-15,440.12,IND,Hyderabad,L056
54,Abigail,Scott,12.0,48,2024-11-29,440.12,IND,Hyderabad,L056
54,Abigail,Scott,12.0,56,2024-12-13,440.12,IND,Hyderabad,L056
55,Andrew,Green,12.0,16,2024-10-18,440.12,USA,Basking Ridge,L042
55,Andrew,Green,12.0,24,2024-11-01,440.12,USA,Basking Ridge,L042
55,Andrew,Green,12.0,32,2024-11-15,440.12,USA,Basking Ridge,L042
55,Andrew,Green,12.0,40,2024-11-29,440.12,USA,Basking Ridge,L042
55,Andrew,Green,12.0,48,2024-12-13,440.12,USA,Basking Ridge,L042
56,Charlotte,Adams,12.0,8,2024-10-18,440.12,USA,Minneapolis,L001
56,Charlotte,Adams,12.0,16,2024-11-01,440.12,USA,Minneapolis,L001
56,Charlotte,Adams,12.0,24,2024-11-15,440.12,USA,Minneapolis,L001
56,Charlotte,Adams,12.0,32,2024-11-29,440.12,USA,Minneapolis,L001
56,Charlotte,Adams,12.0,40,2024-12-13,440.12,USA,Minneapolis,L001
57,Joseph,Baker,12.0,0,2024-10-18,440.12,USA,Minneapolis,L001
57,Joseph,Baker,12.0,8,2024-11-01,440.12,USA,Minneapolis,L001
57,Joseph,Baker,12.0,16,2024-11-15,440.12,USA,Minneapolis,L001
57,Joseph,Baker,12.0,24,2024-11-29,440.12,USA,Minneapolis,L001
57,Joseph,Baker,12.0,32,2024-12-13,440.12,USA,Minneapolis,L001
58,Grace,Nelson,12.0,32,2024-10-18,418.11,USA,Hartford,L034
58,Grace,Nelson,12.0,40,2024-11-01,418.11,USA,Hartford,L034
58,Grace,Nelson,12.0,48,2024-11-15,418.11,USA,Hartford,L034
58,Grace,Nelson,12.0,56,2024-11-29,418.11,USA,Hartford,L034
58,Grace,Nelson,12.0,64,2024-12-13,418.11,USA,Hartford,L034
59,Daniel,Carter,12.0,24,2024-10-18,418.11,USA,Hartford,L034
59,Daniel,Carter,12.0,32,2024-11-01,418.11,USA,Hartford,L034
59,Daniel,Carter,12.0,40,2024-11-15,418.11,USA,Hartford,L034
59,Daniel,Carter,12.0,48,2024-11-29,418.11,USA,Hartford,L034
59,Daniel,Carter,12.0,56,2024-12-13,418.11,USA,Hartford,L034
60,Elizabeth,Mitchell,12.0,16,2024-10-18,418.11,USA,Minneapolis,L001
60,Elizabeth,Mitchell,12.0,24,2024-11-01,418.11,USA,Minneapolis,L001
60,Elizabeth,Mitchell,12.0,32,2024-11-15,418.11,USA,Minneapolis,L001
60,Elizabeth,Mitchell,12.0,40,2024-11-29,418.11,USA,Minneapolis,L001
60,Elizabeth,Mitchell,12.0,48,2024-12-13,418.11,USA,Minneapolis,L001
61,James,Perez,12.0,8,2024-10-18,418.11,USA,Minneapolis,L001
61,James,Perez,12.0,16,2024-11-01,418.11,USA,Minneapolis,L001
61,James,Perez,12.0,24,2024-11-15,418.11,USA,Minneapolis,L001
61,James,Perez,12.0,32,2024-11-29,418.11,USA,Minneapolis,L001
61,James,Perez,12.0,40,2024-12-13,418.11,USA,Minneapolis,L001
62,Victoria,Roberts,12.0,0,2024-10-18,418.11,IND,Noida,L068
62,Victoria,Roberts,12.0,8,2024-11-01,418.11,IND,Noida,L068
62,Victoria,Roberts,12.0,16,2024-11-15,418.11,IND,Noida,L068
62,Victoria,Roberts,12.0,24,2024-11-29,418.11,IND,Noida,L068
62,Victoria,Roberts,12.0,32,2024-12-13,418.11,IND,Noida,L068
63,John,Turner,12.0,32,2024-10-18,397.2,USA,Hartford,L034
63,John,Turner,12.0,40,2024-11-01,397.2,USA,Hartford,L034
63,John,Turner,12.0,48,2024-11-15,397.2,USA,Hartford,L034
63,John,Turner,12.0,56,2024-11-29,397.2,USA,Hartford,L034
63,John,Turner,12.0,64,2024-12-13,397.2,USA,Hartford,L034
64,Emma,Phillips,12.0,24,2024-10-18,397.2,USA,Hartford,L034
64,Emma,Phillips,12.0,32,2024-11-01,397.2,USA,Hartford,L034
64,Emma,Phillips,12.0,40,2024-11-15,397.2,USA,Hartford,L034
64,Emma,Phillips,12.0,48,2024-11-29,397.2,USA,Hartford,L034
64,Emma,Phillips,12.0,56,2024-12-13,397.2,USA,Hartford,L034
65,Michael,Campbell,12.0,16,2024-10-18,397.2,USA,Hartford,L034
65,Michael,Campbell,12.0,24,2024-11-01,397.2,USA,Hartford,L034
65,Michael,Campbell,12.0,32,2024-11-15,397.2,USA,Hartford,L034
65,Michael,Campbell,12.0,40,2024-11-29,397.2,USA,Hartford,L034
65,Michael,Campbell,12.0,48,2024-12-13,397.2,USA,Hartford,L034
66,Olivia,Parker,12.0,8,2024-10-18,397.2,IND,Noida,L068
66,Olivia,Parker,12.0,16,2024-11-01,397.2,IND,Noida,L068
66,Olivia,Parker,12.0,24,2024-11-15,397.2,IND,Noida,L068
66,Olivia,Parker,12.0,32,2024-11-29,397.2,IND,Noida,L068
66,Olivia,Parker,12.0,40,2024-12-13,397.2,IND,Noida,L068
67,William,Evans,12.0,0,2024-10-18,397.2,USA,Minneapolis,L001
67,William,Evans,12.0,8,2024-11-01,397.2,USA,Minneapolis,L001
67,William,Evans,12.0,16,2024-11-15,397.2,USA,Minneapolis,L001
67,William,Evans,12.0,24,2024-11-29,397.2,USA,Minneapolis,L001
67,William,Evans,12.0,32,2024-12-13,397.2,USA,Minneapolis,L001
68,Isabella,Edwards,12.0,32,2024-10-18,377.34,USA,Basking Ridge,L042
68,Isabella,Edwards,12.0,40,2024-11-01,377.34,USA,Basking Ridge,L042
68,Isabella,Edwards,12.0,48,2024-11-15,377.34,USA,Basking Ridge,L042
68,Isabella,Edwards,12.0,56,2024-11-29,377.34,USA,Basking Ridge,L042
68,Isabella,Edwards,12.0,64,2024-12-13,377.34,USA,Basking Ridge,L042
69,Alexander,Collins,12.0,24,2024-10-18,377.34,USA,Hartford,L034
69,Alexander,Collins,12.0,32,2024-11-01,377.34,USA,Hartford,L034
69,Alexander,Collins,12.0,40,2024-11-15,377.34,USA,Hartford,L034
69,Alexander,Collins,12.0,48,2024-11-29,377.34,USA,Hartford,L034
69,Alexander,Collins,12.0,56,2024-12-13,377.34,USA,Hartford,L034
70,Emily,Stewart,12.0,16,2024-10-18,377.34,USA,Hartford,L034
70,Emily,Stewart,12.0,24,2024-11-01,377.34,USA,Hartford,L034
70,Emily,Stewart,12.0,32,2024-11-15,377.34,USA,Hartford,L034
70,Emily,Stewart,12.0,40,2024-11-29,377.34,USA,Hartford,L034
70,Emily,Stewart,12.0,48,2024-12-13,377.34,USA,Hartford,L034
71,Daniel,Sanchez,12.0,8,2024-10-18,377.34,IND,Hyderabad,L056
71,Daniel,Sanchez,12.0,16,2024-11-01,377.34,IND,Hyderabad,L056
71,Daniel,Sanchez,12.0,24,2024-11-15,377.34,IND,Hyderabad,L056
71,Daniel,Sanchez,12.0,32,2024-11-29,377.34,IND,Hyderabad,L056
71,Daniel,Sanchez,12.0,40,2024-12-13,377.34,IND,Hyderabad,L056
72,Charlotte,Morris,12.0,0,2024-10-18,377.34,USA,Basking Ridge,L042
72,Charlotte,Morris,12.0,8,2024-11-01,377.34,USA,Basking Ridge,L042
72,Charlotte,Morris,12.0,16,2024-11-15,377.34,USA,Basking Ridge,L042
72,Charlotte,Morris,12.0,24,2024-11-29,377.34,USA,Basking Ridge,L042
72,Charlotte,Morris,12.0,32,2024-12-13,377.34,USA,Basking Ridge,L042
73,James,Rogers,12.0,32,2024-10-18,358.47,USA,Basking Ridge,L042
73,James,Rogers,12.0,40,2024-11-01,358.47,USA,Basking Ridge,L042
73,James,Rogers,12.0,48,2024-11-15,358.47,USA,Basking Ridge,L042
73,James,Rogers,12.0,56,2024-11-29,358.47,USA,Basking Ridge,L042
73,James,Rogers,12.0,64,2024-12-13,358.47,USA,Basking Ridge,L042
74,Amelia,Reed,12.0,24,2024-10-18,358.47,USA,Hartford,L034
74,Amelia,Reed,12.0,32,2024-11-01,358.47,USA,Hartford,L034
74,Amelia,Reed,12.0,40,2024-11-15,358.47,USA,Hartford,L034
74,Amelia,Reed,12.0,48,2024-11-29,358.47,USA,Hartford,L034
74,Amelia,Reed,12.0,56,2024-12-13,358.47,USA,Hartford,L034
75,Michael,Cook,12.0,16,2024-10-18,358.47,IND,Hyderabad,L056
75,Michael,Cook,12.0,24,2024-11-01,358.47,IND,Hyderabad,L056
75,Michael,Cook,12.0,32,2024-11-15,358.47,IND,Hyderabad,L056
75,Michael,Cook,12.0,40,2024-11-29,358.47,IND,Hyderabad,L056
75,Michael,Cook,12.0,48,2024-12-13,358.47,IND,Hyderabad,L056
76,Olivia,Morgan,12.0,8,2024-10-18,358.47,IND,Hyderabad,L056
76,Olivia,Morgan,12.0,16,2024-11-01,358.47,IND,Hyderabad,L056
76,Olivia,Morgan,12.0,24,2024-11-15,358.47,IND,Hyderabad,L056
76,Olivia,Morgan,12.0,32,2024-11-29,358.47,IND,Hyderabad,L056
76,Olivia,Morgan,12.0,40,2024-12-13,358.47,IND,Hyderabad,L056
39,Brandon,Martinez,12.0,40,2024-12-13,513.34,USA,Hartford,L034
40,Jessica,Garcia,12.0,16,2024-10-18,513.34,USA,Basking Ridge,L042
40,Jessica,Garcia,12.0,24,2024-11-01,513.34,USA,Basking Ridge,L042
40,Jessica,Garcia,12.0,32,2024-11-15,513.34,USA,Basking Ridge,L042
40,Jessica,Garcia,12.0,40,2024-11-29,513.34,USA,Basking Ridge,L042
40,Jessica,Garcia,12.0,48,2024-12-13,513.34,USA,Basking Ridge,L042
41,Kevin,Robinson,12.0,8,2024-10-18,513.34,USA,Basking Ridge,L042
41,Kevin,Robinson,12.0,16,2024-11-01,513.34,USA,Basking Ridge,L042
41,Kevin,Robinson,12.0,24,2024-11-15,513.34,USA,Basking Ridge,L042
41,Kevin,Robinson,12.0,32,2024-11-29,513.34,USA,Basking Ridge,L042
41,Kevin,Robinson,12.0,40,2024-12-13,513.34,USA,Basking Ridge,L042
42,Laura,Clark,12.0,0,2024-10-18,513.34,USA,Hartford,L034
42,Laura,Clark,12.0,8,2024-11-01,513.34,USA,Hartford,L034
42,Laura,Clark,12.0,16,2024-11-15,513.34,USA,Hartford,L034
42,Laura,Clark,12.0,24,2024-11-29,513.34,USA,Hartford,L034
42,Laura,Clark,12.0,32,2024-12-13,513.34,USA,Hartford,L034
43,Daniel,Rodriguez,12.0,32,2024-10-18,487.67,IND,Noida,L068
43,Daniel,Rodriguez,12.0,40,2024-11-01,487.67,IND,Noida,L068
43,Daniel,Rodriguez,12.0,48,2024-11-15,487.67,IND,Noida,L068
43,Daniel,Rodriguez,12.0,56,2024-11-29,487.67,IND,Noida,L068
43,Daniel,Rodriguez,12.0,64,2024-12-13,487.67,IND,Noida,L068
44,Emily,Lewis,12.0,24,2024-10-18,487.67,USA,Hartford,L034
44,Emily,Lewis,12.0,32,2024-11-01,487.67,USA,Hartford,L034
44,Emily,Lewis,12.0,40,2024-11-15,487.67,USA,Hartford,L034
44,Emily,Lewis,12.0,48,2024-11-29,487.67,USA,Hartford,L034
44,Emily,Lewis,12.0,56,2024-12-13,487.67,USA,Hartford,L034
45,James,Walker,12.0,16,2024-10-18,487.67,IND,Hyderabad,L056
45,James,Walker,12.0,24,2024-11-01,487.67,IND,Hyderabad,L056
45,James,Walker,12.0,32,2024-11-15,487.67,IND,Hyderabad,L056
45,James,Walker,12.0,40,2024-11-29,487.67,IND,Hyderabad,L056
45,James,Walker,12.0,48,2024-12-13,487.67,IND,Hyderabad,L056
46,Olivia,Hall,12.0,8,2024-10-18,487.67,USA,Minneapolis,L001
46,Olivia,Hall,12.0,16,2024-11-01,487.67,USA,Minneapolis,L001
46,Olivia,Hall,12.0,24,2024-11-15,487.67,USA,Minneapolis,L001
46,Olivia,Hall,12.0,32,2024-11-29,487.67,USA,Minneapolis,L001
46,Olivia,Hall,12.0,40,2024-12-13,487.67,USA,Minneapolis,L001
47,Matthew,Allen,12.0,0,2024-10-18,487.67,IND,Noida,L068
47,Matthew,Allen,12.0,8,2024-11-01,487.67,IND,Noida,L068
47,Matthew,Allen,12.0,16,2024-11-15,487.67,IND,Noida,L068
47,Matthew,Allen,12.0,24,2024-11-29,487.67,IND,Noida,L068
47,Matthew,Allen,12.0,32,2024-12-13,487.67,IND,Noida,L068
48,Isabella,Young,12.0,32,2024-10-18,463.29,USA,Hartford,L034
48,Isabella,Young,12.0,40,2024-11-01,463.29,USA,Hartford,L034
48,Isabella,Young,12.0,48,2024-11-15,463.29,USA,Hartford,L034
48,Isabella,Young,12.0,56,2024-11-29,463.29,USA,Hartford,L034
48,Isabella,Young,12.0,64,2024-12-13,463.29,USA,Hartford,L034
49,David,Hernandez,12.0,24,2024-10-18,463.29,USA,Minneapolis,L001
49,David,Hernandez,12.0,32,2024-11-01,463.29,USA,Minneapolis,L001
49,David,Hernandez,12.0,40,2024-11-15,463.29,USA,Minneapolis,L001
49,David,Hernandez,12.0,48,2024-11-29,463.29,USA,Minneapolis,L001
49,David,Hernandez,12.0,56,2024-12-13,463.29,USA,Minneapolis,L001
50,Sophia,King,12.0,16,2024-10-18,463.29,USA,Hartford,L034
50,Sophia,King,12.0,24,2024-11-01,463.29,USA,Hartford,L034
50,Sophia,King,12.0,32,2024-11-15,463.29,USA,Hartford,L034
50,Sophia,King,12.0,40,2024-11-29,463.29,USA,Hartford,L034
50,Sophia,King,12.0,48,2024-12-13,463.29,USA,Hartford,L034
51,Christopher,Wright,12.0,8,2024-10-18,463.29,USA,Basking Ridge,L042
51,Christopher,Wright,12.0,16,2024-11-01,463.29,USA,Basking Ridge,L042
51,Christopher,Wright,12.0,24,2024-11-15,463.29,USA,Basking Ridge,L042
51,Christopher,Wright,12.0,32,2024-11-29,463.29,USA,Basking Ridge,L042
51,Christopher,Wright,12.0,40,2024-12-13,463.29,USA,Basking Ridge,L042
52,Amelia,Lopez,12.0,0,2024-10-18,463.29,IND,Hyderabad,L056
52,Amelia,Lopez,12.0,8,2024-11-01,463.29,IND,Hyderabad,L056
52,Amelia,Lopez,12.0,16,2024-11-15,463.29,IND,Hyderabad,L056
52,Amelia,Lopez,12.0,24,2024-11-29,463.29,IND,Hyderabad,L056
52,Amelia,Lopez,12.0,32,2024-12-13,463.29,IND,Hyderabad,L056
53,Joshua,Hill,12.0,32,2024-10-18,440.12,IND,Noida,L068
53,Joshua,Hill,12.0,40,2024-11-01,440.12,IND,Noida,L068
53,Joshua,Hill,12.0,48,2024-11-15,440.12,IND,Noida,L068
53,Joshua,Hill,12.0,56,2024-11-29,440.12,IND,Noida,L068
53,Joshua,Hill,12.0,64,2024-12-13,440.12,IND,Noida,L068
54,Abigail,Scott,12.0,24,2024-10-18,440.12,IND,Hyderabad,L056
54,Abigail,Scott,12.0,32,2024-11-01,440.12,IND,Hyderabad,L056
54,Abigail,Scott,12.0,40,2024-11-15,440.12,IND,Hyderabad,L056
54,Abigail,Scott,12.0,48,2024-11-29,440.12,IND,Hyderabad,L056
54,Abigail,Scott,12.0,56,2024-12-13,440.12,IND,Hyderabad,L056
55,Andrew,Green,12.0,16,2024-10-18,440.12,USA,Basking Ridge,L042
55,Andrew,Green,12.0,24,2024-11-01,440.12,USA,Basking Ridge,L042
55,Andrew,Green,12.0,32,2024-11-15,440.12,USA,Basking Ridge,L042
55,Andrew,Green,12.0,40,2024-11-29,440.12,USA,Basking Ridge,L042
55,Andrew,Green,12.0,48,2024-12-13,440.12,USA,Basking Ridge,L042
56,Charlotte,Adams,12.0,8,2024-10-18,440.12,USA,Minneapolis,L001
56,Charlotte,Adams,12.0,16,2024-11-01,440.12,USA,Minneapolis,L001
56,Charlotte,Adams,12.0,24,2024-11-15,440.12,USA,Minneapolis,L001
56,Charlotte,Adams,12.0,32,2024-11-29,440.12,USA,Minneapolis,L001
56,Charlotte,Adams,12.0,40,2024-12-13,440.12,USA,Minneapolis,L001
57,Joseph,Baker,12.0,0,2024-10-18,440.12,USA,Minneapolis,L001
57,Joseph,Baker,12.0,8,2024-11-01,440.12,USA,Minneapolis,L001
57,Joseph,Baker,12.0,16,2024-11-15,440.12,USA,Minneapolis,L001
57,Joseph,Baker,12.0,24,2024-11-29,440.12,USA,Minneapolis,L001
57,Joseph,Baker,12.0,32,2024-12-13,440.12,USA,Minneapolis,L001
58,Grace,Nelson,12.0,32,2024-10-18,418.11,USA,Hartford,L034
58,Grace,Nelson,12.0,40,2024-11-01,418.11,USA,Hartford,L034
58,Grace,Nelson,12.0,48,2024-11-15,418.11,USA,Hartford,L034
58,Grace,Nelson,12.0,56,2024-11-29,418.11,USA,Hartford,L034
58,Grace,Nelson,12.0,64,2024-12-13,418.11,USA,Hartford,L034
59,Daniel,Carter,12.0,24,2024-10-18,418.11,USA,Hartford,L034
59,Daniel,Carter,12.0,32,2024-11-01,418.11,USA,Hartford,L034
59,Daniel,Carter,12.0,40,2024-11-15,418.11,USA,Hartford,L034
59,Daniel,Carter,12.0,48,2024-11-29,418.11,USA,Hartford,L034
59,Daniel,Carter,12.0,56,2024-12-13,418.11,USA,Hartford,L034
60,Elizabeth,Mitchell,12.0,16,2024-10-18,418.11,USA,Minneapolis,L001
60,Elizabeth,Mitchell,12.0,24,2024-11-01,418.11,USA,Minneapolis,L001
60,Elizabeth,Mitchell,12.0,32,2024-11-15,418.11,USA,Minneapolis,L001
60,Elizabeth,Mitchell,12.0,40,2024-11-29,418.11,USA,Minneapolis,L001
60,Elizabeth,Mitchell,12.0,48,2024-12-13,418.11,USA,Minneapolis,L001
61,James,Perez,12.0,8,2024-10-18,418.11,USA,Minneapolis,L001
61,James,Perez,12.0,16,2024-11-01,418.11,USA,Minneapolis,L001
61,James,Perez,12.0,24,2024-11-15,418.11,USA,Minneapolis,L001
61,James,Perez,12.0,32,2024-11-29,418.11,USA,Minneapolis,L001
61,James,Perez,12.0,40,2024-12-13,418.11,USA,Minneapolis,L001
62,Victoria,Roberts,12.0,0,2024-10-18,418.11,IND,Noida,L068
62,Victoria,Roberts,12.0,8,2024-11-01,418.11,IND,Noida,L068
62,Victoria,Roberts,12.0,16,2024-11-15,418.11,IND,Noida,L068
62,Victoria,Roberts,12.0,24,2024-11-29,418.11,IND,Noida,L068
62,Victoria,Roberts,12.0,32,2024-12-13,418.11,IND,Noida,L068
63,John,Turner,12.0,32,2024-10-18,397.2,USA,Hartford,L034
63,John,Turner,12.0,40,2024-11-01,397.2,USA,Hartford,L034
63,John,Turner,12.0,48,2024-11-15,397.2,USA,Hartford,L034
63,John,Turner,12.0,56,2024-11-29,397.2,USA,Hartford,L034
63,John,Turner,12.0,64,2024-12-13,397.2,USA,Hartford,L034
64,Emma,Phillips,12.0,24,2024-10-18,397.2,USA,Hartford,L034
64,Emma,Phillips,12.0,32,2024-11-01,397.2,USA,Hartford,L034
64,Emma,Phillips,12.0,40,2024-11-15,397.2,USA,Hartford,L034
64,Emma,Phillips,12.0,48,2024-11-29,397.2,USA,Hartford,L034
64,Emma,Phillips,12.0,56,2024-12-13,397.2,USA,Hartford,L034
65,Michael,Campbell,12.0,16,2024-10-18,397.2,USA,Hartford,L034
65,Michael,Campbell,12.0,24,2024-11-01,397.2,USA,Hartford,L034
65,Michael,Campbell,12.0,32,2024-11-15,397.2,USA,Hartford,L034
65,Michael,Campbell,12.0,40,2024-11-29,397.2,USA,Hartford,L034
65,Michael,Campbell,12.0,48,2024-12-13,397.2,USA,Hartford,L034
66,Olivia,Parker,12.0,8,2024-10-18,397.2,IND,Noida,L068
66,Olivia,Parker,12.0,16,2024-11-01,397.2,IND,Noida,L068
66,Olivia,Parker,12.0,24,2024-11-15,397.2,IND,Noida,L068
66,Olivia,Parker,12.0,32,2024-11-29,397.2,IND,Noida,L068
66,Olivia,Parker,12.0,40,2024-12-13,397.2,IND,Noida,L068
67,William,Evans,12.0,0,2024-10-18,397.2,USA,Minneapolis,L001
67,William,Evans,12.0,8,2024-11-01,397.2,USA,Minneapolis,L001
67,William,Evans,12.0,16,2024-11-15,397.2,USA,Minneapolis,L001
67,William,Evans,12.0,24,2024-11-29,397.2,USA,Minneapolis,L001
67,William,Evans,12.0,32,2024-12-13,397.2,USA,Minneapolis,L001
68,Isabella,Edwards,12.0,32,2024-10-18,377.34,USA,Basking Ridge,L042
68,Isabella,Edwards,12.0,40,2024-11-01,377.34,USA,Basking Ridge,L042
68,Isabella,Edwards,12.0,48,2024-11-15,377.34,USA,Basking Ridge,L042
68,Isabella,Edwards,12.0,56,2024-11-29,377.34,USA,Basking Ridge,L042
68,Isabella,Edwards,12.0,64,2024-12-13,377.34,USA,Basking Ridge,L042
69,Alexander,Collins,12.0,24,2024-10-18,377.34,USA,Hartford,L034
69,Alexander,Collins,12.0,32,2024-11-01,377.34,USA,Hartford,L034
69,Alexander,Collins,12.0,40,2024-11-15,377.34,USA,Hartford,L034
69,Alexander,Collins,12.0,48,2024-11-29,377.34,USA,Hartford,L034
69,Alexander,Collins,12.0,56,2024-12-13,377.34,USA,Hartford,L034
70,Emily,Stewart,12.0,16,2024-10-18,377.34,USA,Hartford,L034
70,Emily,Stewart,12.0,24,2024-11-01,377.34,USA,Hartford,L034
70,Emily,Stewart,12.0,32,2024-11-15,377.34,USA,Hartford,L034
70,Emily,Stewart,12.0,40,2024-11-29,377.34,USA,Hartford,L034
70,Emily,Stewart,12.0,48,2024-12-13,377.34,USA,Hartford,L034
71,Daniel,Sanchez,12.0,8,2024-10-18,377.34,IND,Hyderabad,L056
71,Daniel,Sanchez,12.0,16,2024-11-01,377.34,IND,Hyderabad,L056
71,Daniel,Sanchez,12.0,24,2024-11-15,377.34,IND,Hyderabad,L056
71,Daniel,Sanchez,12.0,32,2024-11-29,377.34,IND,Hyderabad,L056
71,Daniel,Sanchez,12.0,40,2024-12-13,377.34,IND,Hyderabad,L056
72,Charlotte,Morris,12.0,0,2024-10-18,377.34,USA,Basking Ridge,L042
72,Charlotte,Morris,12.0,8,2024-11-01,377.34,USA,Basking Ridge,L042
72,Charlotte,Morris,12.0,16,2024-11-15,377.34,USA,Basking Ridge,L042
72,Charlotte,Morris,12.0,24,2024-11-29,377.34,USA,Basking Ridge,L042
72,Charlotte,Morris,12.0,32,2024-12-13,377.34,USA,Basking Ridge,L042
73,James,Rogers,12.0,32,2024-10-18,358.47,USA,Basking Ridge,L042
73,James,Rogers,12.0,40,2024-11-01,358.47,USA,Basking Ridge,L042
73,James,Rogers,12.0,48,2024-11-15,358.47,USA,Basking Ridge,L042
73,James,Rogers,12.0,56,2024-11-29,358.47,USA,Basking Ridge,L042
73,James,Rogers,12.0,64,2024-12-13,358.47,USA,Basking Ridge,L042
74,Amelia,Reed,12.0,24,2024-10-18,358.47,USA,Hartford,L034
74,Amelia,Reed,12.0,32,2024-11-01,358.47,USA,Hartford,L034
74,Amelia,Reed,12.0,40,2024-11-15,358.47,USA,Hartford,L034
74,Amelia,Reed,12.0,48,2024-11-29,358.47,USA,Hartford,L034
74,Amelia,Reed,12.0,56,2024-12-13,358.47,USA,Hartford,L034
75,Michael,Cook,12.0,16,2024-10-18,358.47,IND,Hyderabad,L056
75,Michael,Cook,12.0,24,2024-11-01,358.47,IND,Hyderabad,L056
75,Michael,Cook,12.0,32,2024-11-15,358.47,IND,Hyderabad,L056
75,Michael,Cook,12.0,40,2024-11-29,358.47,IND,Hyderabad,L056
75,Michael,Cook,12.0,48,2024-12-13,358.47,IND,Hyderabad,L056
76,Olivia,Morgan,12.0,8,2024-10-18,358.47,IND,Hyderabad,L056
76,Olivia,Morgan,12.0,16,2024-11-01,358.47,IND,Hyderabad,L056
76,Olivia,Morgan,12.0,24,2024-11-15,358.47,IND,Hyderabad,L056
76,Olivia,Morgan,12.0,32,2024-11-29,358.47,IND,Hyderabad,L056
76,Olivia,Morgan,12.0,40,2024-12-13,358.47,IND,Hyderabad,L056
77,William,King,12.0,0,2024-10-18,340.55,IND,Noida,L068
77,William,King,12.0,8,2024-11-01,340.55,IND,Noida,L068
77,William,King,12.0,16,2024-11-15,340.55,IND,Noida,L068
77,William,King,12.0,24,2024-11-29,340.55,IND,Noida,L068
77,William,King,12.0,32,2024-12-13,340.55,IND,Noida,L068
78,Emma,Scott,12.0,16,2024-10-18,340.55,IND,Noida,L068
78,Emma,Scott,12.0,24,2024-11-01,340.55,IND,Noida,L068
78,Emma,Scott,12.0,32,2024-11-15,340.55,IND,Noida,L068
78,Emma,Scott,12.0,40,2024-11-29,340.55,IND,Noida,L068
78,Emma,Scott,12.0,48,2024-12-13,340.55,IND,Noida,L068
79,James,Green,12.0,8,2024-10-18,340.55,USA,Hartford,L034
79,James,Green,12.0,16,2024-11-01,340.55,USA,Hartford,L034
79,James,Green,12.0,24,2024-11-15,340.55,USA,Hartford,L034
79,James,Green,12.0,32,2024-11-29,340.55,USA,Hartford,L034
79,James,Green,12.0,40,2024-12-13,340.55,USA,Hartford,L034
80,Charlotte,Adams,12.0,0,2024-10-18,340.55,USA,Minneapolis,L001
80,Charlotte,Adams,12.0,8,2024-11-01,340.55,USA,Minneapolis,L001
80,Charlotte,Adams,12.0,16,2024-11-15,340.55,USA,Minneapolis,L001
80,Charlotte,Adams,12.0,24,2024-11-29,340.55,USA,Minneapolis,L001
80,Charlotte,Adams,12.0,32,2024-12-13,340.55,USA,Minneapolis,L001
81,Michael,Baker,12.0,32,2024-10-18,323.52,USA,Minneapolis,L001
81,Michael,Baker,12.0,40,2024-11-01,323.52,USA,Minneapolis,L001
81,Michael,Baker,12.0,48,2024-11-15,323.52,USA,Minneapolis,L001
81,Michael,Baker,12.0,56,2024-11-29,323.52,USA,Minneapolis,L001
81,Michael,Baker,12.0,64,2024-12-13,323.52,USA,Minneapolis,L001
82,Amelia,Mitchell,12.0,24,2024-10-18,323.52,USA,Basking Ridge,L042
82,Amelia,Mitchell,12.0,32,2024-11-01,323.52,USA,Basking Ridge,L042
82,Amelia,Mitchell,12.0,40,2024-11-15,323.52,USA,Basking Ridge,L042
82,Amelia,Mitchell,12.0,48,2024-11-29,323.52,USA,Basking Ridge,L042
82,Amelia,Mitchell,12.0,56,2024-12-13,323.52,USA,Basking Ridge,L042
83,Daniel,Roberts,12.0,16,2024-10-18,323.52,IND,Noida,L068
83,Daniel,Roberts,12.0,24,2024-11-01,323.52,IND,Noida,L068
83,Daniel,Roberts,12.0,32,2024-11-15,323.52,IND,Noida,L068
83,Daniel,Roberts,12.0,40,2024-11-29,323.52,IND,Noida,L068
83,Daniel,Roberts,12.0,48,2024-12-13,323.52,IND,Noida,L068
84,Olivia,Turner,12.0,8,2024-10-18,323.52,USA,Basking Ridge,L042
84,Olivia,Turner,12.0,16,2024-11-01,323.52,USA,Basking Ridge,L042
84,Olivia,Turner,12.0,24,2024-11-15,323.52,USA,Basking Ridge,L042
84,Olivia,Turner,12.0,32,2024-11-29,323.52,USA,Basking Ridge,L042
84,Olivia,Turner,12.0,40,2024-12-13,323.52,USA,Basking Ridge,L042
85,William,Phillips,12.0,0,2024-10-18,323.52,IND,Noida,L068
85,William,Phillips,12.0,8,2024-11-01,323.52,IND,Noida,L068
85,William,Phillips,12.0,16,2024-11-15,323.52,IND,Noida,L068
85,William,Phillips,12.0,24,2024-11-29,323.52,IND,Noida,L068
85,William,Phillips,12.0,32,2024-12-13,323.52,IND,Noida,L068
86,Emma,Campbell,12.0,32,2024-10-18,307.34,USA,Hartford,L034
86,Emma,Campbell,12.0,40,2024-11-01,307.34,USA,Hartford,L034
86,Emma,Campbell,12.0,48,2024-11-15,307.34,USA,Hartford,L034
86,Emma,Campbell,12.0,56,2024-11-29,307.34,USA,Hartford,L034
86,Emma,Campbell,12.0,64,2024-12-13,307.34,USA,Hartford,L034
87,James,Parker,12.0,24,2024-10-18,307.34,USA,Minneapolis,L001
87,James,Parker,12.0,32,2024-11-01,307.34,USA,Minneapolis,L001
87,James,Parker,12.0,40,2024-11-15,307.34,USA,Minneapolis,L001
87,James,Parker,12.0,48,2024-11-29,307.34,USA,Minneapolis,L001
87,James,Parker,12.0,56,2024-12-13,307.34,USA,Minneapolis,L001
88,Charlotte,Evans,12.0,16,2024-10-18,307.34,USA,Hartford,L034
88,Charlotte,Evans,12.0,24,2024-11-01,307.34,USA,Hartford,L034
88,Charlotte,Evans,12.0,32,2024-11-15,307.34,USA,Hartford,L034
88,Charlotte,Evans,12.0,40,2024-11-29,307.34,USA,Hartford,L034
88,Charlotte,Evans,12.0,48,2024-12-13,307.34,USA,Hartford,L034
89,Michael,Edwards,12.0,8,2024-10-18,307.34,USA,Basking Ridge,L042
89,Michael,Edwards,12.0,16,2024-11-01,307.34,USA,Basking Ridge,L042
89,Michael,Edwards,12.0,24,2024-11-15,307.34,USA,Basking Ridge,L042
89,Michael,Edwards,12.0,32,2024-11-29,307.34,USA,Basking Ridge,L042
89,Michael,Edwards,12.0,40,2024-12-13,307.34,USA,Basking Ridge,L042
90,Amelia,Collins,12.0,0,2024-10-18,307.34,IND,Hyderabad,L056
90,Amelia,Collins,12.0,8,2024-11-01,307.34,IND,Hyderabad,L056
90,Amelia,Collins,12.0,16,2024-11-15,307.34,IND,Hyderabad,L056
90,Amelia,Collins,12.0,24,2024-11-29,307.34,IND,Hyderabad,L056
90,Amelia,Collins,12.0,32,2024-12-13,307.34,IND,Hyderabad,L056
91,Daniel,Stewart,12.0,32,2024-10-18,291.97,USA,Minneapolis,L001
91,Daniel,Stewart,12.0,40,2024-11-01,291.97,USA,Minneapolis,L001
91,Daniel,Stewart,12.0,48,2024-11-15,291.97,USA,Minneapolis,L001
91,Daniel,Stewart,12.0,56,2024-11-29,291.97,USA,Minneapolis,L001
91,Daniel,Stewart,12.0,64,2024-12-13,291.97,USA,Minneapolis,L001
92,Olivia,Sanchez,12.0,24,2024-10-18,291.97,USA,Minneapolis,L001
92,Olivia,Sanchez,12.0,32,2024-11-01,291.97,USA,Minneapolis,L001
92,Olivia,Sanchez,12.0,40,2024-11-15,291.97,USA,Minneapolis,L001
92,Olivia,Sanchez,12.0,48,2024-11-29,291.97,USA,Minneapolis,L001
92,Olivia,Sanchez,12.0,56,2024-12-13,291.97,USA,Minneapolis,L001
93,William,Morris,12.0,16,2024-10-18,291.97,USA,Basking Ridge,L042
93,William,Morris,12.0,24,2024-11-01,291.97,USA,Basking Ridge,L042
93,William,Morris,12.0,32,2024-11-15,291.97,USA,Basking Ridge,L042
93,William,Morris,12.0,40,2024-11-29,291.97,USA,Basking Ridge,L042
93,William,Morris,12.0,48,2024-12-13,291.97,USA,Basking Ridge,L042
94,Emma,Rogers,12.0,8,2024-10-18,291.97,IND,Hyderabad,L056
94,Emma,Rogers,12.0,16,2024-11-01,291.97,IND,Hyderabad,L056
94,Emma,Rogers,12.0,24,2024-11-15,291.97,IND,Hyderabad,L056
94,Emma,Rogers,12.0,32,2024-11-29,291.97,IND,Hyderabad,L056
94,Emma,Rogers,12.0,40,2024-12-13,291.97,IND,Hyderabad,L056
95,James,Reed,12.0,0,2024-10-18,291.97,USA,Hartford,L034
95,James,Reed,12.0,8,2024-11-01,291.97,USA,Hartford,L034
95,James,Reed,12.0,16,2024-11-15,291.97,USA,Hartford,L034
95,James,Reed,12.0,24,2024-11-29,291.97,USA,Hartford,L034
95,James,Reed,12.0,32,2024-12-13,291.97,USA,Hartford,L034
96,Charlotte,Cook,12.0,32,2024-10-18,277.37,USA,Basking Ridge,L042
96,Charlotte,Cook,12.0,40,2024-11-01,277.37,USA,Basking Ridge,L042
96,Charlotte,Cook,12.0,48,2024-11-15,277.37,USA,Basking Ridge,L042
96,Charlotte,Cook,12.0,56,2024-11-29,277.37,USA,Basking Ridge,L042
96,Charlotte,Cook,12.0,64,2024-12-13,277.37,USA,Basking Ridge,L042
97,Michael,Morgan,12.0,24,2024-10-18,277.37,USA,Basking Ridge,L042
97,Michael,Morgan,12.0,32,2024-11-01,277.37,USA,Basking Ridge,L042
97,Michael,Morgan,12.0,40,2024-11-15,277.37,USA,Basking Ridge,L042
97,Michael,Morgan,12.0,48,2024-11-29,277.37,USA,Basking Ridge,L042
97,Michael,Morgan,12.0,56,2024-12-13,277.37,USA,Basking Ridge,L042
98,Amelia,King,12.0,16,2024-10-18,277.37,USA,Basking Ridge,L042
98,Amelia,King,12.0,24,2024-11-01,277.37,USA,Basking Ridge,L042
98,Amelia,King,12.0,32,2024-11-15,277.37,USA,Basking Ridge,L042
98,Amelia,King,12.0,40,2024-11-29,277.37,USA,Basking Ridge,L042
98,Amelia,King,12.0,48,2024-12-13,277.37,USA,Basking Ridge,L042
99,Daniel,Scott,12.0,8,2024-10-18,277.37,IND,Hyderabad,L056
99,Daniel,Scott,12.0,16,2024-11-01,277.37,IND,Hyderabad,L056
99,Daniel,Scott,12.0,24,2024-11-15,277.37,IND,Hyderabad,L056
99,Daniel,Scott,12.0,32,2024-11-29,277.37,IND,Hyderabad,L056
99,Daniel,Scott,12.0,40,2024-12-13,277.37,IND,Hyderabad,L056
100,Olivia,Green,12.0,0,2024-10-18,277.37,IND,Hyderabad,L056
100,Olivia,Green,12.0,8,2024-11-01,277.37,IND,Hyderabad,L056
100,Olivia,Green,12.0,16,2024-11-15,277.37,IND,Hyderabad,L056
100,Olivia,Green,12.0,24,2024-11-29,277.37,IND,Hyderabad,L056
100,Olivia,Green,12.0,32,2024-12-13,277.37,IND,Hyderabad,L056
